model_name,mean_train_score,mean_test_score
Naive Bayes,0.969342010645185,0.7284914745443303
CatBoost,0.8429299443106114,0.7675651398882697
Extra Trees,0.9997901410945861,0.7736910393115113
Random Forest,0.9997680423076568,0.7418367610594162
XGBoost,0.8462261944473479,0.7582033451491801
