model_name,test_score
Naive Bayes,0.7455443267553221
CatBoost,0.7865336482857408
Extra Trees,0.801856943704772
Random Forest,0.7978586279128178
XGBoost,0.794882406280338
